name,artists,energy,ranking,danceability,valence,instrumentalness,loudness,duration_ms,tempo,country
Never Lose Me,Flo Milli,0.6418979409131601,1.0,0.7904950931745508,0.04180923866552608,0.0,0.044680847712138407,-1.2216839951948466,0.06111958981950629,US
Double Standards,Don Toliver,0.7268905182280747,0.4987468671679198,0.6725107509096926,0.6760051325919589,1.7985611510791366e-06,-0.1300490642297763,-0.281057090765602,0.1001444370136626,US
12 Hz High Level Cognition,Brainy,0.0,0.33166248955722644,0.011026574043444703,0.01218990590248075,0.7255909558067831,-8.170058577791016,-1.076327730374865,-1.9290752147685561,US
Timeless (with Playboi Carti),"The Weeknd, Playboi Carti",0.8152827986355857,0.24812030075187974,0.7772632043224172,0.5722840034217279,2.63103802672148e-06,0.6221656402443988,0.6510194451448201,-0.011210321770404912,US
Bed Peace,"Jhené Aiko, Childish Gambino",0.6384982378205636,0.19799498746867172,0.6217885103098468,0.2825064157399486,3.771839671120246e-05,0.056118599608057526,0.6521710099284999,-0.015337253662922514,US
Down With Me,Lil Tecca,0.6634293938329385,0.16457811194653305,0.7144117322747823,0.46642429426860554,0.0,0.6593991730119657,-1.3061368775179631,-0.19380895743582585,US
Crew (feat. Brent Faiyaz & Shy Glizzy),"GoldLink, Brent Faiyaz, Shy Glizzy",0.6849608467527168,0.1407089151450054,0.7320542507442939,0.43862275449101795,0.0,-0.09135539292230481,-0.49044035755817983,0.34953420725535217,US
KRZY TRAIN,"Trippie Redd, Travis Scott",0.46058044264134257,0.12280701754385959,0.6669974638879702,0.28357570573139435,0.0,-2.0068138008537937,0.3394204092408649,1.8019246241658782,US
I'M ON ONE (feat. Drake),"Future, Drake",0.7982842831726028,0.10888331940963525,0.7816738339397951,0.08361847733105217,1.0688591983556012e-05,0.5674104449979772,0.3658200319067241,-1.5677152660746163,US
5X,Don Toliver,0.5841029883390183,0.09774436090225569,0.9195060094828539,0.816082121471343,0.0,0.25567086672834993,-1.1281769347600477,0.8977645281350384,US
FOREVER AGAIN,Yeat,0.9308727037838694,0.08863066757803595,0.5898114455838572,0.17557741659538065,1.2024665981500513e-05,1.038548480540521,-0.15893364545636027,0.16820261208324838,US
Noid,"Tyler, The Creator",0.869678048117131,0.08103592314118635,0.3483294740324182,0.4653550042771599,0.0001551901336073998,0.4985405771991446,1.107226228759365,-1.380193273063736,US
Watch (feat. Lil Uzi Vert & Kanye West),"Travis Scott, Lil Uzi Vert, Kanye West",0.6305655972711717,0.07460960092539048,0.7077957878487156,0.23224978614200167,0.0,0.6876285181167874,0.09546140981830137,-1.5113500647004965,US
BUTTERFLY EFFECT,Travis Scott,0.7087587684008929,0.06910132474042241,0.7706472598963504,0.16916167664670656,0.0,0.5333405457335372,-0.29100373158463616,0.7484709568653723,US
One Dance,"Drake, Wizkid, Kyla",0.7053590653082963,0.06432748538011701,0.80262432462234,0.35842600513259193,0.0018499486125385404,0.5919894437530376,-0.5295215874043127,-0.5906460399426351,US
2AM,Don Toliver,0.6079009099871945,0.06015037593984962,0.7044878156356821,0.6011548331907612,0.0,0.3150498340178027,-0.6481039710037391,-1.1333013826517273,US
Dealer,Lana Del Rey,0.6656958625613362,0.05646469113961383,0.5931194177968906,0.3701881950384944,0.00017060637204522095,0.4126357597680919,0.9143391274930001,0.3546747715425239,US
Sky Walker (feat. Travis Scott),"Miguel, Travis Scott",0.570504175968632,0.05318852687273745,0.6725107509096926,0.15846877673224977,0.0,-0.6060542282386686,0.6989965129448793,0.929730149723573,US
Wiped Out!,The Neighbourhood,0.8322813140985686,0.05025722200237426,0.558937038262212,0.03293413173652694,0.0004902363823227132,0.3678581778776848,2.3405521120804202,0.27847133615875813,US
Adaptation,The Weeknd,0.894609204129506,0.04761904761904767,0.6372257139706694,0.6289563729683489,0.0005683453237410071,0.30239530000529624,1.0531026839264148,-0.19268672157031702,US
No Pole,Don Toliver,0.7121584714934895,0.04523212793889497,0.2909912890065057,0.37125748502994005,0.0,0.6990662700127067,-0.3333813156240525,-1.2677886807280634,US
Run Your Mouth,The Marías,0.732556690049069,0.04306220095693791,0.7904950931745508,0.9422583404619332,0.03586844809866393,0.2860904196430286,-0.730858295270928,-0.3358622973151108,US
Cry Baby,The Neighbourhood,0.740489330598461,0.04108096327775956,0.5699636123056567,0.32420872540633017,2.8571428571428573e-06,0.7667193556949521,0.3510368189962348,-0.4434521357761795,US
Dose,Khalid,0.7121584714934895,0.03926482873851311,0.4641085014885876,0.12745936698032503,0.00013771839671120246,0.0295927494664577,0.4111053170249318,-0.08375744030202757,US
Devil's Advocate,The Neighbourhood,0.7688201897034326,0.03759398496240607,0.6592788620575589,0.8866552609067578,0.14285714285714288,-0.026865940743185813,-0.352180610717625,-0.8065135388468588,US
It's Up (feat. Young Thug & 21 Savage),"Drake, Young Thug, 21 Savage",0.8164160329997846,0.03605166763061507,0.7927004079832398,0.2771599657827202,0.0,0.7691529199281264,0.9677141552165583,0.7116905814022347,US
Scary Love,The Neighbourhood,0.7178246433144838,0.03462359602710485,0.5854008159664793,0.11997433704020527,0.054367934224049334,0.5014608542789538,0.17120558346483955,-0.2995525368923477,US
Modern Slavery,"Huncho Jack, Travis Scott, Quavo",0.8277483766417731,0.033297529538131254,0.7728525747050393,0.4920872540633019,0.0,1.1030379327196398,-0.895532059337138,0.495352467457636,US
XSCAPE,Don Toliver,0.45604750518454723,0.03206291591046595,0.373690594332341,0.018819503849443968,0.0,0.07875074697657848,-0.7848666836255102,-0.7115941053189576,US
Runnin',"UMI, Yeek",0.7620207835182394,0.030910609857978333,0.7474914544051164,0.6770744225834046,0.4141829393627955,-0.7732400910577426,-0.3022890664646981,-0.12017580419564644,US
I CAN’T LET GO,"Lil Tecca, Don Toliver",0.8594789388393412,0.029832646131457752,0.6449443158010808,0.2974764756201882,0.0,0.9339052185140263,-0.8718674030325183,0.9750177970704094,US
RIP Luv,"21 Savage, Metro Boomin",0.44924809899935403,0.028822055137844638,0.6239938251185358,0.03304106073567151,0.17882836587872558,-0.44470891957921266,0.0492116891937618,2.2710192159486944,US
Thick Of It (feat. Trippie Redd),"KSI, Trippie Redd",0.9331391725122671,0.027872712083238493,0.577682214136068,0.655688622754491,0.0,1.0485260938965355,-0.7187380759226982,0.9246619877503054,US
Sweater Weather,The Neighbourhood,0.9116077195924889,0.026979212737726632,0.6041459918403354,0.388366124893071,0.018191161356628984,1.273144072618523,0.426464312327261,0.1364903985933773,US
OUTERSPACE (feat. Baby Keem),"Don Toliver, Baby Keem",0.45831397391294487,0.026136770497672712,0.45528724225383177,0.07934131736526945,0.0,0.21746390826751347,0.22055013444551858,0.10133907519307507,US
Get Throwed,Don Toliver,0.8186825017281822,0.025341130604288553,0.5027015106406441,0.30710008554319923,0.0,0.2634582722745077,-0.8009310123578433,-1.7186740905640703,US
Vamp Anthem,Playboi Carti,0.7790192989812221,0.024588498272708703,0.6372257139706694,0.6482035928143712,1.3360739979445015e-06,0.7156145067982919,-1.2477093593060098,1.5853331021226158,US
DONNY DARKO (FEAT. LIL UZI VERT),"Don Toliver, Lil Uzi Vert",0.8957424384937048,0.023875478169107067,0.7662366302789725,0.46214713430282295,0.0,1.146112019646825,-1.3536677139643465,0.7853961369563183,US
Abracadabra (feat. Travis Scott),"Young Thug, Travis Scott",0.6373650034563647,0.023199023199023117,0.6460469732054253,0.3659110350727117,0.0,0.35155329751541703,0.5320196193113098,1.556589383502802,US
Rolling Stone,The Weeknd,0.39598608388200757,0.022556390977443552,0.6769213805270704,0.38729683490162525,5.4367934224049327e-05,-0.9679252297116865,0.28804622532895025,0.3488825864302178,US
Notice Me,SZA,0.7676869553392337,0.02194510666911187,0.7276436211269159,0.7936270316509837,0.00010184994861253853,0.29679810226899545,-0.7176153002586104,1.4348810938304895,US
Conceited,SZA,0.5161089264870867,0.02136293113736709,0.8015216672179956,0.7882805816937553,4.193216855087359e-05,-0.04730788030185025,-0.8544643802391575,1.0774670712443069,US
Upset (feat. Tommy Richman & FELIX!),"Brent Faiyaz, FELIX!, Tommy Richman",0.5637047697834389,0.020807833537331843,0.873194398500386,0.9101796407185628,0.0,-0.32887126208011636,-0.47319567492257497,0.5338704984544652,US
SIRENS,Travis Scott,0.9943338281790056,0.020277967646388673,0.577682214136068,0.22155688622754485,0.00017163412127440904,0.46836438070778336,-0.09106329601823263,-0.8789520539076258,US
RIP Young,Isaiah Rashad,0.7642872522466371,0.019771651350598773,1.0000000000000002,0.5829769033361847,2.2816032887975336e-05,0.2790330833668232,-0.7589132923133269,-0.009255459295001838,US
NIGHTS LIKE THIS,The Kid LAROI,0.8549460013825458,0.01928734880679972,0.46080052927555415,0.09110350727117192,0.001644398766700925,0.8409430648067681,-1.7818914733354725,0.8071530322844146,US
diva remix,"noevdv, Danny Singh",0.5365071450426662,0.018823654881885643,0.5060094828536775,0.3766039349871685,0.460431654676259,-1.4230017413152798,-1.3492629786667714,1.5811699690731473,US
sad!,"noevdv, Dina Ayada",0.47644572374012667,0.018379281537176162,0.7232329915095381,0.5081266039349871,3.0318602261048306e-06,-0.520149410807616,-1.5217961723815958,-0.5525262216722767,US
Tears In The Rain,The Weeknd,0.7178246433144838,0.017953045880006124,0.6515602602271476,0.1670230966638152,0.23638232271325796,0.04881790690853458,3.366596334339113,1.4381753991131123,US
Embarrassed (feat. Travis Scott),"Don Toliver, Travis Scott",0.570504175968632,0.01754385964912286,0.8643731392656303,0.5968776732249785,0.0,0.7146410811050221,-0.2602569518603858,-0.1552547252820445,US
Uuugly,Drake,0.28832881928311593,0.017150719937097714,0.4696217885103099,0.03881522668947818,0.0,-1.010025890945602,-1.3653704910784923,-0.7064173398748348,US
TORE UP,Don Toliver,0.9252065319628751,0.01677270098322725,0.5181387143014666,0.04897348160821215,0.001130524152106886,0.9034856655993476,-1.2060658978161893,1.256590395842345,US
Escape From LA,The Weeknd,0.5920356288884104,0.016408946895540844,0.33950821479766247,0.14563729683490162,0.0032168550873586843,-0.23225876202309673,2.0898996423527176,0.8929859754173864,US
Void,The Neighbourhood,0.6566299876477453,0.016058665181472254,0.5181387143014666,0.3327630453378956,0.033710174717368965,0.03153960085299714,-0.10229105265911058,-1.3068497290791714,US
Controlla,Drake,0.5274412701290754,0.015721120984278913,0.5798875289447569,0.33597091531223255,0.0,-0.7401436174865723,0.4959468524625404,-1.0134755531409136,US
F*****g Fans,Drake,0.4685130831907346,0.015395631936985232,0.7927004079832398,0.13922155688622753,0.0,-0.43765158330300724,0.49456497472212463,-1.2022283854881592,US
CIRCUS MAXIMUS (feat. The Weeknd & Swae Lee),"Travis Scott, The Weeknd, Swae Lee",0.8628786419319379,0.01508156355801793,0.6813320101444483,0.22797262617621897,0.009146968139773896,0.42042316531424967,0.6919431786448407,0.1714245150519681,US
waste your time,"noevdv, GoVanni!",0.5263080357648765,0.01477832512315258,0.5688609549013123,0.13922155688622753,2.6207605344295993e-05,-0.35418033010512884,-0.4589594552843336,-0.6602970659181048,US
Moment Of Your Life (feat. Coco Jones),"Brent Faiyaz, Coco Jones",0.5217750983080811,0.014485365957266128,0.7783658617267617,0.5637296834901625,0.0,0.5318804071936325,-0.23915452719945363,0.27999178475073827,US
Altitude,Khalid,0.861745407567739,0.014202172096908994,0.5798875289447569,0.39050470487596234,0.003699897225077081,0.036163372896028334,-0.7527380261608441,-1.023105060890121,US
Compass,The Neighbourhood,0.9263397663270739,0.013928263281153708,0.7011798434226487,0.6760051325919589,0.32682425488180883,0.618758650317955,-0.6162775992947889,-0.37231686236568123,US
The Resistance,Drake,0.836814251555364,0.013663190233648592,0.5324732605579447,0.6439264328485885,0.0,-0.02078203016025042,0.2099701329954605,-1.364554373260512,US
DICKO MODE (New Version),DUD,0.7529549086046485,0.013406532203524613,0.7750578895137282,0.33169375534644985,0.0,0.4223700167007891,1.375627190715532,1.2627083913672177,US
vent,Baby Keem,0.4243169429869791,0.013157894736842257,0.917300694674165,0.2354576561163387,1.4696813977389518e-06,0.6180285810480026,-1.0680796476117584,-0.23156676413666552,US
Used (feat. Don Toliver),"SZA, Don Toliver",0.7903516426232108,0.012916907653749865,0.7430808247877386,0.8449529512403763,0.0002250770811921891,0.4379448277931047,-0.9186929060488978,1.0763448353787974,US
Adore U,Khalid,0.5943020976168081,0.012683223209539074,0.5523210938361451,0.16488451668092385,5.0565262076053445e-06,0.06390600515421528,-0.670703429883455,0.13192905281743733,US
Talk 2 U,Brent Faiyaz,0.7155581745860861,0.012456514420379428,0.687947954570515,0.5626603934987169,0.0002702980472764645,-0.5843955065634172,-0.7382714935658666,-1.1680182921686066,US
Lady of Neptune,Tory Lanez,0.780152533345421,0.012236473536783032,0.558937038262212,0.49743370402053033,0.0,-0.023215594393424663,0.8373858108235981,-1.4187837063744695,US
Outside All Night (feat. A$AP Rocky & N3WYRKLA),"Brent Faiyaz, N3WYRKLA, A$AP Rocky",0.7314234556848701,0.012022810649813032,0.6416363435880473,0.8535072711719417,0.0,0.15419123820498157,-0.11416656449080842,0.7849617230728954,US
SLEEPLESS IN LA (PART 2),Elyahu,0.5818365196106207,0.011815252416756072,0.10464218767229022,0.004063301967493584,2.8776978417266184e-06,0.5107083983650162,0.712196324277809,2.072202461968819,US
INSIDE (FEAT. TRAVIS SCOTT),"Don Toliver, Travis Scott",0.5603050666908422,0.011613540894489738,0.7827764913441395,0.7027373823781008,0.0,0.6148649475448761,0.5675309983280353,0.020176081306898984,US
Massive,Drake,0.7574878460614439,0.011417432470063993,0.4795457051494102,0.022348160821214706,0.01736896197327852,0.3084792105882321,1.8158848020761118,0.1705556872851223,US
Less Than Zero,The Weeknd,0.8934759697653071,0.011226696879184317,0.5192413717058112,0.49743370402053033,0.0001593011305241521,0.606347472728766,0.014981425998880039,0.821705897379081,US
Feather,Sabrina Carpenter,0.7835522364380176,0.01104111630427429,0.8015216672179956,0.8460222412318219,1.7985611510791366e-06,0.9027555963293953,-0.36303410880380704,0.11676076805458771,US
Portland,"Drake, Quavo, Travis Scott",0.4991104110241038,0.010860484544695126,0.9492777594001547,0.3370402053036783,0.0,-0.04244075183550133,0.371980903499411,0.5718093109400643,US
4422,"Drake, Sampha",0.25659825708554784,0.01068460625247325,0.6008380196273019,0.16595380667236953,0.04244604316546763,-1.05090977006293,-0.352382134554769,-0.30393287688352827,US
Roll One Up,A$AP Rocky,0.7121584714934895,0.010513296227581792,0.6559708898445255,0.658896492728828,0.0,1.2755776368516976,-0.7245246889606891,1.040650494624217,US
Mind Fuel,Brainy,0.002187142322903799,0.010346378767431386,0.0,0.004491017964071857,0.6885919835560124,-8.058844692334953,-1.1051168499668598,-1.953764403809757,US
SOUTH OF FRANCE,Future,0.7268905182280747,0.01018368706576589,0.8544492226265301,0.2151411462788708,0.0,0.22160096746390961,-1.465657389177206,0.7513308482645733,US
Oh Okay (feat. Young Thug & Lil Baby),"Gunna, Lil Baby, Young Thug",0.5818365196106207,0.010025062656641603,0.9095820928437536,0.7455089820359281,0.0,-0.19721543706538683,-0.16929772850947836,0.7139712542902045,US
Tried Our Best,Drake,0.33139172512267256,0.009870354899594869,0.5578343808578675,0.2097946963216424,0.0,-1.3753038823450636,-0.011259856509223178,-1.3084425799850556,US
deep in it,"berlioz, Ted Jasper",0.46737984882653577,0.009719420502475762,0.5545264086448342,0.254704875962361,0.9095580678314491,-0.9392091717602298,-0.8048031489429666,-0.04762868566402379,US
Get Low,"Z-Pain, T-Pain, Mark Zuckerberg",0.5818365196106207,0.009572123078781303,0.5876061307751682,0.5797690333618476,0.0,1.00739885835589,-0.0018026307232529022,-1.097932852309714,US
With You,"Drake, PARTYNEXTDOOR",0.45718073954874605,0.009428332736603373,0.8974528613959645,0.8011120615911035,0.00024049331963001027,-0.46709771052441634,-0.22628579074183197,0.2798831812798831,US
No More Parties in LA,Tory Lanez,0.5535056605056491,0.009287925696594534,0.4255154923365311,0.06490590248075277,0.0,-0.018105109503758446,0.40210871715243346,-0.1495349424836431,US
Heaven,The Neighbourhood,0.8084833924503926,0.009150783936585638,0.5357812327709782,0.254704875962361,0.005303186022610483,0.15540802032156892,-0.07964841010000671,-1.6388505394851145,US
LOVE YOU BETTER,Future,0.4016522557030019,0.00901679486071516,0.7111037600617489,0.5444824636441403,0.00030215827338129494,-0.30356219405510343,-1.170180260244768,-1.6214015818342953,US
Redemption,Drake,0.35292317804245094,0.008885850991114275,0.6945638989965819,0.32741659538066725,2.127440904419322e-06,0.05392839179820058,1.7730321975634276,-0.013672000443134538,US
Snooze,SZA,0.6214997223575808,0.008757849680380847,0.5457051494100784,0.3819503849443969,0.0,0.19726532513216674,-0.1291656957982377,0.822683328616783,US
90210 (feat. Kacy Hill),"Travis Scott, Kacy Hill",0.5943020976168081,0.008632692843219214,0.3725879369279965,0.2942686056458511,8.715313463514902e-06,0.31748339825097693,1.8467323437189342,-1.4068735257372917,US
Normal Girl,SZA,0.5999682694378025,0.00851028670577536,0.617377880692469,0.3498716852010264,5.313463514902364e-05,0.21795062111414826,0.6162853723570785,-1.586684672317416,US
City Of Stars,Logic,0.9864011876296136,0.008390541571319687,0.44095269599735376,0.6118477331052181,0.025179856115107913,0.5472118618626305,2.3875791389339436,-1.0913080405875148,US
BOGUS,Don Toliver,0.6441644096415579,0.008273371601045687,0.6482522880141142,0.3819503849443969,0.0,0.10113953792178192,-0.1592503257718722,0.8613461642414195,US
Chris,Any Means Possible,0.5353739106784673,0.00815869460886276,0.617377880692469,0.46642429426860554,0.0,-1.8671272138695891,-1.6915943997351808,0.9272684710508429,US
It's All Good,Khalid,0.6316988316353706,0.008046431869146664,0.6824346675487928,0.3338323353293412,0.0034224049331963,-0.13369941057953744,-0.029166688895443913,0.20831349398596197,US
Wants and Needs (feat. Lil Baby),"Drake, Lil Baby",0.5059098172092971,0.00793650793650813,0.5666556400926233,0.06971770744225833,2.2302158273381294e-06,0.41190569049813963,-0.2564711826340385,0.5692028276395269,US
God's Plan,Drake,0.5059098172092971,0.007828850476707228,0.7607233432572501,0.3445252352437981,8.520041109969167e-05,-0.2845803930363441,-0.16985911634152226,-1.5607646439398504,US
Don’t Matter To Me (with Michael Jackson),"Drake, Michael Jackson",0.3574561154992464,0.0077233901079227785,0.8357040467526741,0.11035072711719418,0.0131551901336074,-1.0584538191857704,0.5040078059482989,-0.6257249610290332,US
Baby Keem,Baby Keem,0.7370896275058645,0.007620060251639416,0.9536883890175325,0.5241659538066723,7.923946557040082e-06,0.8389962134202287,-1.1934418688750996,0.716143323707319,US
Pharsyde (feat. Joe Fox),"A$AP Rocky, Joe Fox",0.6316988316353706,0.007518796992481258,0.6372257139706694,0.4963644140290846,0.7728674203494347,-1.723303567688988,0.16639780049297645,0.35188728245722606,US
Like A God,The Weeknd,0.6622961594687397,0.007419538946375814,0.7199250192965047,0.09003421727972624,0.004552929085303186,-0.07310366117349776,0.2308854283790447,-1.0596682294115478,US
Final Lullaby - Bonus Track,The Weeknd,0.2917285223757125,0.007322227136468573,0.5953247326055795,0.3028229255774165,9.588900308324769e-05,-0.5977801098458758,-0.3610764486715514,-0.7016387871571834,US
SO WHAT,Yeat,0.7846854708022165,0.007226804876268478,0.6096592788620576,0.019247219846022234,1.2846865364850977e-05,0.4754217169839888,-0.9493245292947802,0.8249278003478007,US
Nervous - The Neighbourhood - sped-up,sped up + slowed,0.7518216742404497,0.007133217659533564,0.21159995589370387,0.2108639863130881,0.01644398766700925,0.6345768178335878,0.15861034364334187,-2.2464507577659285,US
The Rush (feat. Big Time Rush),"Lil Uzi Vert, Big Time Rush",0.7030925965798986,0.007041413056450674,0.5765795567317236,0.30389221556886226,0.0,0.7725599098545705,-0.34535758937432226,0.2892230797734745,US
HAD ENOUGH (feat. Quavo & Offset),"Don Toliver, Quavo, Offset",0.8912095010369094,0.006951340615690249,0.7563127136398722,0.682420872540633,0.0,0.8428899161933076,-0.7721274982060525,1.0018428543717723,US
PURPLE RAIN (FEAT. FUTURE & METRO BOOMIN),"Don Toliver, Future, Metro Boomin",0.6577632220119441,0.006862951771953174,0.3604587054802074,0.25898203592814373,4.090441932168551e-06,0.7574718116088898,-0.045864378258800874,1.803770883170426,US
What You Need,Don Toliver,0.7586210804256428,0.006776199758655954,0.6526629176314921,0.1092814371257485,1.4902363823227132e-05,0.1597884359412826,0.09839790001668483,0.3519958859280823,US
STARGAZING,Travis Scott,0.8912095010369094,0.006691039525419162,0.46631381629727653,0.02309666381522668,4.162384378211717e-06,1.0589904200991853,0.8628353925429215,1.0760552261231828,US
Stargazing,The Neighbourhood,0.5444397855920582,0.006607427660059173,0.4938802514058883,0.35521813515825484,0.001130524152106886,0.05928223311118409,0.09002026621541435,1.4381391979561602,US
You (feat. Travis Scott),"Don Toliver, Travis Scott",0.595435331981007,0.006525322314795856,0.7915977505788954,0.37874251497005984,8.108941418293935e-05,0.48831960741981256,0.04122270850698326,-0.08346783104641195,US
Low,SZA,0.6158335505365865,0.0064446831364124435,0.6989745286139597,0.3210008554319931,0.003227132579650565,0.19653525586221443,-0.4274209747713033,0.8963888841708666,US
PUFFIN ON ZOOTIEZ,Future,0.7416225649626599,0.006365471200124206,0.9029661484176869,0.2664670658682634,0.0,0.5581629009119149,-0.544693453429294,0.17048328497121865,US
TASTE,Lil Tecca,0.7642872522466371,0.006287648946928792,0.5655529826882788,0.20872540633019673,0.0,0.4652007472046568,-0.5804783290821435,0.138264255284021,US
CHIHIRO,Billie Eilish,0.47871219246852437,0.006211180124223503,0.7011798434226487,0.5198887938408896,0.9033915724563206,-1.0925237184502106,1.3338973618669356,-0.371701442697499,US
Agent 00,Any Means Possible,0.40505195879559847,0.0061360297294961175,0.5291652883449114,0.07185628742514968,0.0,-2.4348777494691527,-1.31294550430147,-0.8893417859528234,US
Edible (feat. Gunna),"Flo Milli, Gunna",0.7778860646170233,0.006062163956900735,0.8511412504134966,0.4931565440547476,0.0,0.6722970634477894,-0.50054533853497,-0.011101718299549186,US
Never Lose Me (feat. SZA & Cardi B),"Flo Milli, SZA, Cardi B",0.6056344412587967,0.00598955014655278,0.8246774727092294,0.25577416595380664,5.5806783144912635e-06,-0.03538341555929589,-0.6480319982047591,0.06224182568501512,US
STARS,"¥$, Kanye West, Ty Dolla $ign",0.6452976440057567,0.0059181567363788545,0.5754768993273791,0.27288280581693747,0.10688591983556012,-0.055581998694642594,-1.3751875808593625,0.20534499911590526,US
Kevin Hart,Any Means Possible,0.41185136498079167,0.005847953216374213,0.7386701951703607,0.3028229255774165,0.0,-2.127761943242556,-1.1489914682250597,1.1143922513352527,US
SOUTH OF FRANCE - REMIX,"Future, Travis Scott",0.8005507519010006,0.005778910085130207,0.8290881023266072,0.5647989734816081,0.0,0.4396483227563266,-0.3865548195104668,0.7507516297533421,US
The Birds Pt. 2,The Weeknd,0.6362317690921658,0.005710998808496681,0.23585841878928224,0.15205303678357568,9.660842754367933e-06,0.1050332406948608,2.012514488889436,-1.5075489432205464,US
N 2 Deep,"Drake, Future",0.4832451299253198,0.005644191780263652,0.48836696438416594,0.042343883661248916,0.0,0.07680389559003904,0.9040470172388619,-1.0600664421380186,US
KEEPIN U CLOSE - Sped Up,"FindMyName, DXSTINY, seen twice",0.7903516426232108,0.005578462284744123,0.46851913110596544,0.26432848588537206,0.8520041109969168,-0.42913410848689715,-1.7650498383741555,-1.400502122113756,US
Uuugly,Drake,0.29399499110411026,0.005513784461153026,0.47513507553203227,0.031864841745081265,0.0,-1.05090977006293,-1.3653704910784923,-0.7330251902344868,US
Kai Cenat,Any Means Possible,0.4016522557030019,0.005450133269682134,0.6239938251185358,0.548759623609923,0.0,-2.4704077872734973,-1.866070859022465,1.223430136074398,US
Nightcrawler (feat. Swae Lee & Chief Keef),"Travis Scott, Swae Lee, Chief Keef",0.8254819079133755,0.00538748445917947,0.504906825449333,0.15419161676646703,0.0,1.0314911442643155,1.5947267853704081,0.13656280090728148,US
DUI,Lil Tecca,0.46058044264134257,0.005325814536340845,0.7827764913441395,0.4161676646706586,1.1510791366906476e-06,-0.15730498364132844,-1.0976316788729412,-1.222247625282564,US
Duke Dennis,Any Means Possible,0.4209172398943825,0.005265100736337125,0.7805711765354506,0.849230111206159,0.0,-2.9318115658833435,-1.5359172355414692,0.7136092427206857,US
Six Feet Under,The Weeknd,0.5682377072402343,0.005205320994794649,0.7805711765354506,0.22369546621043626,0.0,-0.043170821105453644,0.38577089178397644,0.7150572889987618,US
I Can Do It With a Broken Heart,Taylor Swift,0.8481465951973527,0.005146453921062166,0.7022825008269932,0.1980325064157399,0.0,-0.08478476949273439,0.1040981456958998,0.35156147204465943,US
REPEAT IT (with Gunna),"Lil Tecca, Gunna",0.7756195958886257,0.005088478772689253,0.7485941118094609,0.585115483319076,0.0,0.10430317142490848,-0.2940553782613876,-0.4198489814435358,US
In The Party,Flo Milli,0.6872273154811146,0.005031375431058915,0.9426618149740877,0.4097519247219845,0.0,0.7258354765776239,-1.0567223399327166,0.5324948544902923,US
Heart Of A Woman - Sped Up,Summer Walker,0.5104427546660925,0.004975124378109319,0.6581762046532144,0.5690761334473908,3.2168550873586845e-06,-0.015428188847266908,-0.8172256540469123,0.8648576764657548,US
imhighinjapan!,"AR15!, noevdv",0.5444397855920582,0.004919706674092694,0.47844304774506574,0.1819931565440547,0.0,-0.7476876666094128,-1.1401388139505213,-0.12882788070715195,US
White Girl,Shy Glizzy,0.8957424384937048,0.0048651039363114545,0.6989745286139597,0.4482463644140291,0.0,0.6593991730119657,0.3740681146698306,0.34989621882487193,US
The Real Her,"Drake, Lil Wayne, André 3000",0.3472570062214566,0.004811298318789792,0.5545264086448342,0.5070573139435415,0.0,-1.5118268358261417,1.5878173966683293,-1.9998122754525836,US
Smoke (feat. HVN & SoFaygo),"Don Toliver, HVN, SoFaygo",0.7574878460614439,0.004758272492826343,0.7155143896791268,0.6674508126603935,0.0,0.3715085242274464,-0.15730706019941257,-0.013309988873615279,US
Wash Us In The Blood,"Kanye West, Travis Scott",0.9569370941604431,0.00470600962838752,0.6681001212923147,0.3701881950384944,0.0,0.7766969690509669,-0.30151176023571424,0.6131510321791425,US
Lady Of Namek,Tory Lanez,0.7438890336910576,0.0046544933762979745,0.6747160657183815,0.5990162532078699,0.0,0.7102606654853084,-0.2415296295657932,0.5322414463916298,US
5 TO 10,Don Toliver,0.6962931903947055,0.0046037078511882434,0.7232329915095381,0.3766039349871685,0.0,0.7012564778225635,-0.24681243301092423,0.28136742871491116,US
CAN'T SAY,Travis Scott,0.7994175175368017,0.004553637615164696,0.7033851582313376,0.7251924721984602,0.0,0.6511250546191731,-0.17799204262626078,1.002675480981666,US
Softcore,The Neighbourhood,0.6407647065489612,0.004504267662162498,0.5633476678795899,0.35842600513259193,0.00042857142857142855,0.6163250860847805,-0.06467806791216944,-0.9519697874796229,US
ASTROTHUNDER,Travis Scott,0.5183753952154845,0.004455583402951824,0.7011798434226487,0.26860564585115476,4.943473792394655e-05,-0.01688832738717154,-0.9760120431565593,1.1446202173900957,US
WAIT FOR U (feat. Drake & Tems),"Future, Drake, Tems",0.724624049499677,0.004407570650764914,0.4398500385930093,0.3252780153977759,0.0,0.8681989842183202,-0.30056171928917846,-1.3355934476989861,US
Lock On Me (with Travis Scott & Future),"Metro Boomin, Travis Scott, Future",0.5591718323266435,0.004360215607511986,0.7441834821920831,0.1670230966638152,2.8982528263103804e-05,-0.07699736394657664,-0.5191575043511946,-0.9533816326007474,US
São Paulo (feat. Anitta),"The Weeknd, Anitta",0.7438890336910576,0.004313504850561811,0.5622450104752454,0.5038494439692044,0.00020554984583761563,0.16173528732782205,1.3077424467176084,0.25573700959296025,US
Pray 4 Love (feat. The Weeknd),"Travis Scott, The Weeknd",0.6520970501909499,0.004267425320056972,0.6228911677141913,0.1884088964927288,0.0,0.8122270068553116,1.3851419947406862,-1.4604512380261148,US
Love Hurts (feat. Travis Scott),"Playboi Carti, Travis Scott",0.5070430515734959,0.004221964306740267,0.7276436211269159,0.45893926432848586,1.4594039054470708e-05,0.5545125545621534,-0.43490614586522197,0.7491949800044109,US
Pink + White,Frank Ocean,0.6147003161723876,0.00417710944026739,0.5302679457492558,0.5498289136013687,5.6320657759506675e-05,0.1653856336775834,-0.3779612673122563,1.435641318126479,US
Drugs You Should Try It,Travis Scott,0.6305655972711717,0.004132848677986356,0.5831955011577904,0.040739948674080415,0.001366906474820144,-0.01518483242394918,-0.03289487988260723,0.7131386276803108,US
"One Of The Girls (with JENNIE, Lily Rose Depp)","The Weeknd, JENNIE, Lily-Rose Depp",0.7223575807712792,0.004089170294156563,0.2204212151284596,0.16595380667236953,2.37410071942446e-06,0.44305531268277065,0.48814500105310976,-1.2834999828451912,US
IMY2 (with Kid Cudi),"Drake, Kid Cudi",0.5557721292340468,0.004046062869592415,0.5798875289447569,0.016039349871685198,0.005179856115107914,-0.16119868641440732,0.5988967441235136,1.0767430481052693,US
She,"Tyler, The Creator, Frank Ocean",0.7008261278515009,0.004003515281710834,0.31524975190208404,0.4535928143712574,3.535457348406989e-05,0.3763756526937949,0.6134064603978789,-1.3361002638963129,US
Crew Love,"Drake, The Weeknd",0.6158335505365865,0.003961516694963141,0.390230455397508,0.2771599657827202,0.0,-0.24710350384545993,-0.02821664794890809,1.443315963400283,US
Love Galore (feat. Travis Scott),"SZA, Travis Scott",0.6702288000181317,0.00392005655163552,0.8059322968353735,0.4001283147989734,0.0,0.44816579757243663,0.92566764605245,0.5328568660598121,US
Finesse,Drake,0.35858934986344526,0.0038791245629998805,0.8191641856875072,0.2825064157399486,0.00034737923946557035,-0.026865940743185813,-0.41302641497530596,-0.915551423586004,US
All The Stars (with SZA),"Kendrick Lamar, SZA",0.7144249402218872,0.003838710700802661,0.6956665564009263,0.5583832335329342,0.00020041109969167522,0.7533347524124936,0.3082417927227346,-0.85075135264209,US
Cherry Flavoured,The Neighbourhood,0.6475641127341545,0.0037988051890733843,0.6096592788620576,0.38622754491017963,0.01079136690647482,-0.4201299208241525,-0.03339868947546714,-1.0322277524420016,US
Long Time - Intro,Playboi Carti,0.9728023752592272,0.00375939849624074,0.4497739552321095,0.3455945252352437,0.0,0.9918240472635745,0.014391249047244146,0.8613823653983715,US
MY EYES,Travis Scott,0.7008261278515009,0.0037204813275424353,0.43102877935825346,0.2621899059024807,2.6618705035971224e-06,0.0845913011361968,0.5826452861138326,-0.044877397735678545,US
HOT UPTOWN (feat. Drake),"Camila Cabello, Drake",0.836814251555364,0.0036820446177172617,0.7728525747050393,0.6899059024807528,9.116135662898253e-05,0.16562899010090093,-0.8640511570632917,0.2809692159884403,US
The Birds Pt. 1,The Weeknd,0.6611629251045408,0.003644079523963395,0.546807806814423,0.14563729683490162,0.0,0.16051850521123492,0.05387552656766495,0.27477881814966393,US
COFFEE BEAN,Travis Scott,0.6566299876477453,0.0036065774191578193,0.8224721579005405,0.5006415739948674,0.006998972250770812,0.7163445760682442,-0.023855096330720884,-0.9151170097025811,US
We Still Don't Trust You,"Future, Metro Boomin, The Weeknd",0.6611629251045408,0.0035695298853195556,0.7199250192965047,0.421514114627887,0.2672147995889003,0.4603336187383081,0.6066842009731482,-0.37249786815044117,US
Wicked Games,The Weeknd,0.643031175277359,0.0035329287073104787,0.5975300474142685,0.2386655260906758,8.705035971223022e-06,0.3303812886868007,1.6486344118064182,-0.22624519406473492,US
ADDICTIONS (FEAT. Tre' Amani),"Brent Faiyaz, Tre' Amani",0.5512391917772514,0.003496765866762619,0.9095820928437536,0.8642001710863986,1.8293936279547788e-05,-0.13272598488626783,-0.270074041641256,-0.9862522831130793,US
Drew A Picasso,Drake,0.4243169429869791,0.003461033536221514,0.7111037600617489,0.11997433704020527,0.0,-0.7995225847760251,0.7484562204039263,0.2765164736833556,US
GOD'S COUNTRY,Travis Scott,0.7336899244132679,0.0034257240734973937,0.617377880692469,0.11035072711719418,1.2435765673175745e-05,0.5408845948563774,-1.191599365221212,1.077539473558211,US
upromisedme,"AR15!, noevdv",0.780152533345421,0.0033908300162170946,0.577682214136068,0.35201026518391787,1.3771839671120246e-05,-0.5036011740220309,-0.747397644476529,0.45770326422765156,US
Fountains (with Tems),"Drake, Tems",0.5467062543204559,0.0033563440765655983,0.8588598522439079,0.6995295124037638,0.06937307297019528,-0.16874273553724736,-0.26421545580428507,-0.7323373682524008,US
Slime You Out (feat. SZA),"Drake, SZA",0.45944720827714375,0.0033222591362127574,0.4619031866798986,0.07506415739948673,0.0,-0.29236779858250184,1.4353934029885131,-1.1368128948760625,US
Mad Man (feat. Playboi Carti),"A$AP Ferg, Playboi Carti",0.8606121732035401,0.0032885682414129924,0.6504576028228031,0.040633019674935836,0.0,0.9850100674106865,-0.7448642019524334,0.42780110858537623,US
Way Bigger,Don Toliver,0.5988350350736036,0.0032552645982772965,0.7585180284485612,0.17664670658682632,0.0,0.4394049663330093,-0.21249580245726649,0.42309495818162846,US
Borrowed Love (feat. Swae Lee & WizKid),"Metro Boomin, Swae Lee, Wizkid",0.6690955656539328,0.003222341568206444,0.5038041680449885,0.3819503849443969,0.0,-0.18723782370937211,0.2802155847999277,0.3239761904473059,US
All I Know,"The Weeknd, Future",0.46964631755493347,0.0031897926634769647,0.44095269599735376,0.14670658682634727,0.00020760534429599178,-0.626009454950698,1.5870544849991415,-0.008459033842059671,US
Last Time (feat. Snoh Aalegra),"Giveon, Snoh Aalegra",0.4775789581043255,0.0031576115429818863,0.6284044547359137,0.364841745081266,1.1408016443987668e-05,-0.13807982619925135,-0.24488356199826058,-1.4058236921856866,US
Arya (feat. A$AP Rocky),"A$AP Rocky, Nigo",0.5387736137710639,0.0031257920081100288,0.9856654537435221,0.3680496150556031,0.0,0.09067521171913262,-0.6984129574907499,-0.008712441940723206,US
Talk No More,Don Toliver,0.5829697539748195,0.003094327998768076,0.9448671297827766,0.3808810949529512,0.0,0.37248194992071604,6.866205022675666e-05,0.35297331716578334,US
range brothers (with Kendrick Lamar),"Baby Keem, Kendrick Lamar",0.6566299876477453,0.0030632135895294343,0.6647921490792812,0.11355859709153118,0.0,0.5476985747092653,1.5252442452351287,0.061155790976457854,US
If We Being Rëal,Yeat,0.56257153541924,0.0030324429859180935,0.4332340941669425,0.0,6.515930113052415e-05,0.3337882786132448,-0.5509262978209608,0.27756630723496073,US
LOOOVE (feat. Kid Cudi),"Travis Scott, Kid Cudi",0.8345477828269664,0.0030020105208075076,0.6769213805270704,0.07827202737382377,0.0,0.8964283293231422,0.22947476151903695,-0.3372379412792832,US
AT THE PARTY (feat. Pharrell Williams & Travis Scott),"Kid Cudi, Pharrell Williams, Travis Scott",0.7620207835182394,0.002971910650944265,0.8853236299481753,0.5808383233532933,0.019424460431654675,0.25786107453820667,0.3923060219313593,-0.6248923344191395,US
P power (feat. Drake),"Gunna, Drake",0.666829096925535,0.002942137953579671,0.8423199911787409,0.1787852865697177,0.00033196300102774924,0.44402873837604045,-0.2508429097538035,-0.03734755708968186,US
TOPIA TWINS (feat. Rob49 & 21 Savage),"Travis Scott, Rob49, 21 Savage",0.6396314721847625,0.0029126871232134643,0.7177197044878157,0.3177929854576561,0.0,0.8664954892550983,0.17850362528141023,1.441361100924881,US
One More Hour,Tame Impala,0.4481148646351552,0.00288355296844256,0.6427390009923918,0.3049615055603079,0.10996916752312436,-0.14319031108891755,3.1925229227261167,-0.6608038821154318,US
Malibu 1992,COIN,0.3597225842276441,0.0028547304089101555,0.5457051494100784,0.49422583404619325,0.13566289825282632,0.0845913011361968,1.8774359397637965,0.9804479706131957,US
Kids Turned Out Fine,A$AP Rocky,0.7552213773330462,0.0028262144723509852,0.2623221964935495,0.09858853721129168,3.67934224049332e-05,-0.3315481827366079,-0.3980560727874687,1.6115789409127497,US
Canal St. (feat. Bones),"A$AP Rocky, BONES",0.6577632220119441,0.0027980002917347147,0.6967692138052708,0.5230966638152267,0.0,-0.31865029230078434,0.23972368809378708,0.6080466690489238,US
Bad Bitches Wrk @ Taboo,Tory Lanez,0.6452976440057567,0.0027700831024930483,0.7893924357702063,0.8396065012831478,0.0,0.14786397119872846,-0.4779170905356621,1.9035050705729308,US
Kiss Land,The Weeknd,0.9943338281790056,0.0027424582398405395,0.18072554857205872,0.4097519247219845,0.0,0.5742244248508651,3.527239621662444,-1.638162717503028,US
MERCEDES,Brent Faiyaz,0.6985596591231031,0.0027151211361737815,0.5324732605579447,0.5177502138579982,2.6927029804727645e-06,0.3788092169269692,0.32095218902260025,-1.5927664666853365,US
Mad Riches,Sonder,0.2701970694559342,0.0026880673185554205,0.36486933509758523,0.22797262617621897,0.00042959917780061664,-0.855007849292399,-1.3623620280811288,-1.5352790294457073,US
Superhero (Heroes & Villains) [with Future & Chris Brown],"Metro Boomin, Future, Chris Brown",0.6577632220119441,0.002661292406273441,0.7111037600617489,0.5327202737382378,3.0524152106885917e-06,0.6676732914047583,-0.4045768083750555,-0.132447996402343,US
STATS,Baby Keem,0.5206418639438822,0.0026347921084763914,0.5545264086448342,0.14670658682634727,3.669064748201439e-06,0.06025565880445392,-0.5893885615958658,1.156747604968984,US
With You,AP Dhillon,0.8402139546479607,0.0026085622218812166,0.7893924357702063,0.9518819503849444,0.001130524152106886,0.7954354136464089,-0.8092510679199297,-0.11963278684136781,US
Sad Girl,Lana Del Rey,0.6622961594687397,0.002582598628551036,0.30973646488036166,0.2386655260906758,0.0751284686536485,-0.07407708686676737,1.5400274581456181,-0.029093693304647172,US
RUNITUP (feat. Teezo Touchdown),"Tyler, The Creator, Teezo Touchdown",0.5285745044932741,0.002556897293739313,0.6625868342705923,0.11462788708297689,0.0003257965056526208,0.0641493615775328,0.27049925693762944,-0.16039528956921523,US
Renee's Song,Bazzi,0.255465022721349,0.0025314542638001925,0.5865034733708238,0.4418306244653549,0.0,-0.20767976326803614,-1.1548356595022347,-0.0892962173156691,US
safety net (feat. Ty Dolla $ign),"Ariana Grande, Ty Dolla $ign",0.675894971839126,0.0025062656641603454,0.5379865475796671,0.06073567151411462,0.0,0.5576761880652801,-0.03334111123628315,1.5060163672409868,US
No Complaints (feat. Offset & Drake) (Bonus),"Metro Boomin, Offset, Drake",0.6441644096415579,0.0024813276973529863,0.936045870548021,0.17985457656116338,0.002435765673175745,-0.18942803151922907,0.7874798720108752,0.13334089793856124,US
trademark usa,Baby Keem,0.6770282062033248,0.0024566366411078455,0.6074539640533687,0.033468776732249794,1.6546762589928057e-06,0.5893125230965459,0.8622020319118976,0.3527561102240719,US
Comin Out Strong (feat. The Weeknd),"Future, The Weeknd",0.5421733168636605,0.002432188846500649,0.6217885103098468,0.31565440547476475,0.0,0.06487943084748489,0.6275563126773444,-0.41709769351519105,US
Under Ground Kings,Drake,0.8039504549935971,0.002407980736154114,0.46631381629727653,0.38729683490162525,0.0,0.17487653418696308,0.02648267927588194,1.3005748015389127,US
Recognize (feat. Drake),"PARTYNEXTDOOR, Drake",0.6101673787155921,0.0023840088024940087,0.6394310287793584,0.13922155688622753,0.0,0.5452650104760911,1.4455559622044873,-0.0278628539682821,US
4 U,ImDavisss,0.8606121732035401,0.002360269606054066,0.47844304774506574,0.7840034217279725,0.0,-0.04463095964535828,-0.8613305852618482,-1.5824853381109947,US
The Boat I Row,Tame Impala,0.8220822048207789,0.0023367597738308543,0.483956334766788,0.2194183062446535,0.0051387461459403904,0.829505312910849,0.39652362795158647,1.1468284879641613,US
Pretty Little Birds (feat. Isaiah Rashad),"SZA, Isaiah Rashad",0.5841029883390183,0.0023134759976866093,0.3284816407542177,0.33490162532078693,0.003227132579650565,0.08629479609941873,0.5063109355156584,-1.1083225843549112,US
Lean 4 Real (feat. Skepta),"Playboi Carti, Skepta",0.8753442199381254,0.002290415032797366,0.7607233432572501,0.13280581693755344,0.0,0.7214550609579102,-0.4857621256244807,-1.6027217848471107,US
Steppas,A Boogie Wit da Hoodie,0.853812767018347,0.0022675736961450532,0.7452861395964275,0.5198887938408896,0.0,0.49245666661620896,-0.1406813436350356,0.13468034074578206,US
Brooklyn Baby,Lana Del Rey,0.7495552055120519,0.002244948865053553,0.37479325173668554,0.06426432848588536,0.004131551901336074,0.3269742987603566,2.0277151440340093,-0.453805666664425,US
"Here We Go… Again (feat. Tyler, the Creator)","The Weeknd, Tyler, The Creator",0.7030925965798986,0.002222537475764952,0.44646598301907603,0.17450812660393497,0.0,0.8784199539976523,-0.01432589774577062,0.5307209977996497,US
nglimissufr,"AR15!, noevdv",0.42658341171537684,0.002200336522056423,0.5324732605579447,0.16381522668947818,0.0,-0.6982863126759743,-0.7447346509142695,1.6474180862951373,US
Congratulations (feat. Bilal),"Mac Miller, Bilal",0.25206531962875245,0.0021783430538966364,0.4420553534016982,0.18413173652694606,0.001593011305241521,-1.1183194993218581,0.657165922177711,-2.2637549107889403,US
Where Do We Go?,Weston Estate,0.7597543147898417,0.002156554176138137,0.4420553534016982,0.38729683490162525,0.0,-0.020538673736932692,-0.5754978113927284,1.3682347638820276,US
Don’t Mind Me,Roy Woods,0.5410400824994617,0.0021349670472476934,0.6206858529055024,0.23438836612489303,6.8550873586844804e-06,-0.4116124460080424,-0.30004351513652255,0.11049796790190766,US
Summer High,AP Dhillon,0.6101673787155921,0.002113578878070843,0.877605028117764,0.9807527801539776,0.16752312435765673,0.37272530634403356,-0.4805225058587376,-0.1918178938034712,US
Saturn,SZA,0.6985596591231031,0.0020923869306295195,0.3825118535670967,0.32313943541488455,0.0,0.29387782518918637,-0.35383598509416475,2.0871535397899574,US
NIGHT RIDER,Joji,0.8515462982899492,0.002071388516954542,0.7761605469180727,0.00427715996578272,0.9445015416238438,0.32332395241059525,-1.191671338020192,-1.2766941653382324,US
The Remorse,Drake,0.5977018007094047,0.002050580997949636,0.45087661263645396,0.6439264328485885,7.1120246659815e-06,-0.11301411459755616,2.02166942891969,-1.6489868634316487,US
Nangs,Tame Impala,0.5931688632526092,0.0020299617822838734,0.5203440291101556,0.42686056458511545,0.8705035971223021,-0.4167229308977082,-1.4860976640875223,1.7132317896337055,US
I Was Never There,"The Weeknd, Gesaffelstein",0.8322813140985686,0.0020095283253178664,0.28547800198478335,0.12959794696321641,0.00016649537512846866,0.9816030774842425,0.4360654837111913,-0.26642847828135213,US
Magnolia,Playboi Carti,0.6566299876477453,0.001989278128055716,0.8015216672179956,0.4364841745081266,0.0,0.17487653418696308,-0.41688415700063325,1.5460910479867491,US
Love Language,SZA,0.2928617567399114,0.001969208736126271,0.70889844525306,0.545551753635586,0.0,-0.5104151538749185,-0.3869290780651627,-1.9999208789234393,US
Distance,Tory Lanez,0.41411783370918936,0.0019493177387914784,0.5038041680449885,0.6118477331052181,0.0,-0.36294116134455623,-0.46388239473456466,0.1136836697136758,US
Circadian Rhythm,Drake,0.6475641127341545,0.0019296027679818195,0.6945638989965819,0.26860564585115476,0.0,0.4617937572782127,-1.2151488650474638,0.9312505983155531,US
Space Cadet (feat. Gunna),"Metro Boomin, Gunna",0.52290833267228,0.0019100614973557306,0.9228139816958872,0.6449957228400341,1.870503597122302e-05,-0.42524040571381827,-0.10804887657750954,-0.40830081237587723,US
Ransom,Lil Tecca,0.724624049499677,0.0018906916413841124,0.7507994266181499,0.204448246364414,0.0,0.43429448144334326,-1.1448458350038127,2.160895296500992,US
BBL Love - Interlude,Drake,0.4401822240857632,0.0018714909544603753,0.48285367736244356,0.5765611633875106,0.0,-0.2363958212194929,-0.7112241157091875,0.4538297404337975,US
Margaret (feat. Bleachers),"Lana Del Rey, Bleachers",0.2747300069127296,0.001852457230031579,0.3042231778586394,0.16809238665526088,0.10195272353545734,-1.2923193419938204,1.8585934609908359,-0.5975242597634974,US
We Don't Trust You,"Future, Metro Boomin",0.5727706446970298,0.0018335882997537745,0.7882897783658619,0.3327630453378956,0.00045118191161356625,0.21235342337784746,0.22224869250144624,0.13786604255754967,US
Same Yung Nigga (feat. Playboi Carti),"Gunna, Playboi Carti",0.6407647065489612,0.001814882032667997,0.8687837688830082,0.501710863986313,0.0,-0.2823901852264871,-0.42950818594172296,-1.4030362031003898,US
Don't Play (feat. The 1975 & Big Sean),"Travis Scott, The 1975, Big Sean",0.8345477828269664,0.0017963363343984629,0.6537655750358365,0.08147989734816082,0.0,0.8134437889718986,1.0753710679308228,0.2801365893785456,US
$$$ (feat. Normani),"Gunna, Normani",0.6362317690921658,0.0017779491463703057,0.6658948064836258,0.10179640718562874,0.00328879753340185,0.28097993475336264,-0.4197486744000367,-1.4591117952188941,US
Fell In Luv (feat. Bryson Tiller),"Playboi Carti, Bryson Tiller",0.7540881429688474,0.0017597184450488523,0.6537655750358365,0.2055175363558597,0.0,0.4462189461858972,-0.06391515624298158,1.5463082549284606,US
Antidote,Travis Scott,0.5943020976168081,0.0017416422411962174,0.7166170470834713,0.09431137724550898,0.0001541623843782117,0.7289991100807505,0.7473622338594306,0.3896450891580657,US
PROBLEMATIC,"¥$, Kanye West, Ty Dolla $ign",0.9558038597962444,0.0017237185791483256,0.4332340941669425,0.7615483319076133,0.0,1.4870543687145439,-0.23117994107247108,1.2461282614832443,US
Over The Top (feat. Drake),"Smiley, Drake",0.5614383010550411,0.0017059455361092546,0.8478332782004633,0.23973481608212147,0.0,0.6924956465831361,-0.8257760225657347,0.7111837652049077,US
Let It Go,Playboi Carti,0.5977018007094047,0.0016883212214637844,0.6835373249531372,0.5508982035928144,0.0,0.6676732914047583,-0.8689021237145429,1.3298253363560535,US
Saved,Khalid,0.5047765828450982,0.001670843776107045,0.7441834821920831,0.5541060735671515,0.0,-0.5447284095626761,-0.061036244283782105,-1.420485160751209,US
Members Only (feat. PARTYNEXTDOOR),"Drake, PARTYNEXTDOOR",0.38238727151162133,0.0016535113717905947,0.6427390009923918,0.15098374679213,0.0,-0.18334412093629324,0.9636836784736791,-1.0239376875000148,US
In The Night,The Weeknd,0.7676869553392337,0.0016363222104851527,0.48616164957547703,0.5391360136869119,0.0,0.7418970005165743,0.35813333697566146,1.7282190686117946,US
Die For You,Joji,0.5841029883390183,0.0016192745237582074,0.4497739552321095,0.12745936698032503,0.13052415210688592,0.16124857448118723,0.012865425708868424,0.9963402785150828,US
Deceiving Eve,Tory Lanez,0.3903199120610133,0.0016023665721680569,0.4740324181276878,0.39050470487596234,0.0,-0.6537520872088848,-0.04433855492042515,-0.8427508969557184,US
BACKSTREETS (FEAT. TEEZO TOUCHDOWN),"Don Toliver, Teezo Touchdown",0.6452976440057567,0.0015855966446729486,0.7541073988311833,0.7038066723695465,0.0,0.6567222523554739,-0.18865841143509485,0.3524302998115052,US
GET OFF ME (with Travis Scott),"Kid Cudi, Travis Scott",0.45831397391294487,0.0015689630580517644,0.7893924357702063,0.022455089820359278,0.0,0.003796968594810187,0.06429718785996705,0.05988875048314122,US
my mine,Jhené Aiko,0.7438890336910576,0.001552464156342248,0.5997353622229574,0.789349871685201,0.0,0.08215773690302255,0.44622804292716545,0.9946750252952943,US
Fuck The World (Summer in London),Brent Faiyaz,0.3155264440238886,0.001536098310292111,0.6780240379314149,0.21300256629597944,0.003442959917780062,-1.8165090778195638,0.37326201932125475,-1.6394297579963453,US
highway 95,Baby Keem,0.9444715161542557,0.001519863916820352,0.7783658617267617,0.4172369546621043,0.0,0.6618327372451399,-1.712811980874481,-1.27930064863877,US
Sex Songs,Tory Lanez,0.5682377072402343,0.0015037593984963404,0.3461241592237292,0.34773310521813505,0.0002548818088386434,-0.08308127452951203,0.7493774722308701,-1.5201831469967617,US
Money Trees,"Kendrick Lamar, Jay Rock",0.5988350350736036,0.0014877832030275595,0.7188223618921602,0.3306244653550042,0.0,0.16708912864080533,2.535368084359449,-1.748105631165971,US
Lost In The World,"Kanye West, Bon Iver",0.8424804233763584,0.0014719338027608941,0.5997353622229574,0.25898203592814373,0.00894141829393628,0.6795977561473123,0.6594690517450705,-0.1162298780878882,US
Do Not Disturb,Drake,0.7824190020738188,0.001456209694195909,0.6107619362664022,0.4482463644140291,0.0,0.5107083983650162,1.0476039620843438,1.835374493189441,US
Silver Soul,Beach House,0.756354611697245,0.0014406093975096734,0.3218656963281509,0.08789563729683489,0.00010894141829393629,0.5394244563164727,1.265379257237988,0.5339429007683694,US
Purity (feat. Frank Ocean),"A$AP Rocky, Frank Ocean",0.41638430243758706,0.0014251314560913553,0.5831955011577904,0.29640718562874246,0.0,-0.8839672636671732,0.7425688454473635,0.5469391161141035,US
Having Our Way (feat. Drake),"Migos, Drake",0.6067676756229956,0.0014097744360903608,0.9514830742088436,0.19910179640718562,0.0,1.0037485120061287,0.9704491215777978,0.2063586315105589,US
Better,Khalid,0.6611629251045408,0.0013945369259724671,0.6956665564009263,0.08254918733960649,0.32579650565262075,-0.5532458843787862,0.2669725897876101,-0.8053913029813501,US
Poetic Justice,"Kendrick Lamar, Drake",0.6418979409131601,0.0013794175360883898,0.7871871209615174,0.6492728828058169,0.0,-0.47293826468403444,1.2866832057360642,0.5674651721058352,US
Wat's Wrong (feat. Zacari & Kendrick Lamar),"Isaiah Rashad, Zacari, Kendrick Lamar",0.7767528302528245,0.0013644148982494553,0.7077957878487156,0.2974764756201882,0.0,0.4099588391116002,1.727487810368892,0.2057432118423761,US
PERSIAN RUGS,PARTYNEXTDOOR,0.48211189556112094,0.0013495276653172628,0.7761605469180727,0.11997433704020527,0.0005046248715313464,-0.02783936643645586,-0.5249153282695935,-0.35494030702876606,US
Gone Girl,SZA,0.49344423920310954,0.0013347545107982306,0.4023596868452972,0.4086826347305389,0.0,0.07850739055326098,0.4786733807073435,1.0791685256210464,US
2016,d4vd,0.8572124701109436,0.0013200941284507994,0.11787407652442389,0.5754918733960649,0.0,0.4871028253032254,-1.0471211685487865,2.062138540336189,US
way back,Travis Scott,0.6248994254501773,0.001305545231901073,0.3659719925019297,0.14456800684345594,0.0,0.7285123972341156,0.8885440763385728,-0.10493511711889318,US
I Hate U,SZA,0.46964631755493347,0.001291106554264676,0.5170360568971222,0.364841745081266,0.0,-0.1517077859050272,-0.5306731521879925,-0.4977176700470885,US
"Hold On, We're Going Home","Drake, Majid Jordan",0.4662466144623369,0.0012767768477799368,0.786084463557173,0.2696749358426005,2.805755395683453e-05,0.1464038326588238,0.2462444236813739,-0.7341836272569482,US
Daisies,Weston Estate,0.4685130831907346,0.001262554883449285,0.6350203991619805,0.3295551753635586,9.064748201438849e-06,0.035189947202758504,-0.1076746180228136,-0.5167594786037922,US
F o r C e r t a i n,PARTYNEXTDOOR,0.5829697539748195,0.0012484394506866447,0.6868452971661707,0.8845166809238665,0.006125385405960945,-0.2597580378579662,0.1320811699393187,-0.9850938460906185,US
Creepin' (with The Weeknd & 21 Savage),"Metro Boomin, The Weeknd, 21 Savage",0.69176025293791,0.0012344293569745979,0.7188223618921602,0.1306672369546621,0.0,0.49245666661620896,0.15469502337883057,-0.8097716429725307,US
DEEP IN THE WATER,Don Toliver,0.6124338474439899,0.0012205234275279864,0.6692027786966591,0.08254918733960649,0.00021479958890030832,0.6306831150605089,-0.5803919617233675,0.13641799627947368,US
Jukebox Joints (feat. Joe Fox & Kanye West),"A$AP Rocky, Joe Fox, Kanye West",0.9070747821356935,0.0012067205049661744,0.24247436321534901,0.5541060735671515,0.0,0.6688900735213453,1.6292737288808017,-1.9094903888575745,US
Poison Ivy,Tory Lanez,0.8912095010369094,0.001193019448991528,0.7607233432572501,0.7626176218990589,0.0,0.43453783786666056,-0.3289046075274973,-0.5141167941463027,US
Crossfaded,Don Toliver,0.5648380041476377,0.0011794191360754436,0.61517256588378,0.5102651839178785,3.8746145940390545e-06,0.1743898213403283,-0.7447778345936574,-1.4047738586340814,US
Belong To The World,The Weeknd,0.9694026721666307,0.0011659184591514826,0.483956334766788,0.3488023952095808,0.0,0.4311308479402167,1.3876322535853938,0.026221674517867583,US
Above And Beyond,Jhené Aiko,0.47304602064753004,0.0011525163273147232,0.5412945197927006,0.41509837467921296,0.0,-0.22203779224376474,-0.06852141537770073,-0.26465462159070896,US
Biking,"Frank Ocean, JAY-Z, Tyler, The Creator",0.5217750983080811,0.0011392116655275508,0.671408093505348,0.24935842600513256,5.0359712230215825e-06,0.19337162235908786,0.9608047665144797,1.002711682138618,US
House Of Balloons / Glass Table Girls,The Weeknd,0.5761703477896263,0.0011260034143329989,0.6592788620575589,0.20658682634730538,0.003699897225077081,-0.09184210576893984,2.829146655235959,-1.1328669687683044,US
LOYAL (feat. Drake),"PARTYNEXTDOOR, Drake",0.5977018007094047,0.0011128905295731961,0.8831183151394864,0.17985457656116338,0.0015313463514902363,0.41239240334477445,-0.18425367613751964,-0.5551327049728142,US
sum bout me,noevdv,0.5682377072402343,0.0010998719821135872,0.7474914544051164,0.1616766467065868,0.0,-1.0847363129040528,-0.8338945542906773,0.17551524578753364,US
The Worst,Jhené Aiko,0.4662466144623369,0.0010869467575749248,0.523652001323189,0.09431137724550898,1.3360739979445015e-06,-0.27119578975388553,0.6293268435322521,-0.9190629358103394,US
SICKO MODE,Travis Scott,0.8243486735491766,0.0010741138560688146,0.8489359356048077,0.4396920444824636,0.0,1.0531498659395666,1.468918332753391,1.257097212039672,US
Awkward,SZA,0.5342406763142685,0.0010613722919399216,0.6107619362664022,0.38729683490162525,0.00012538540596094552,-0.9869070307304458,-0.47175621894297526,-0.010269091689655455,US
Flex,"Playboi Carti, Leven Kali",0.6724952687465294,0.001048721093513949,0.7563127136398722,0.25149700598802394,0.0,0.6017237006857348,0.42732798591502086,0.35554359930936974,US
FML,Kanye West,0.46737984882653577,0.0010361593028509475,0.5104201124710553,0.09110350727117192,0.0,0.20870307702808588,0.3648555964003923,0.18369670725866466,US
New Choppa,"Playboi Carti, A$AP Rocky",0.6826943780243191,0.0010236859755023975,0.7816738339397951,0.4172369546621043,0.0,0.9292814464709952,-1.219654362263611,0.2851685501948611,US
Midnight's Interlude,Tory Lanez,0.6826943780243191,0.0010113001802753985,0.28547800198478335,0.4557313943541488,0.0,-0.28385032376639174,-1.3724382199383272,-0.5523090147305653,US
On tha linë,Yeat,0.6702288000181317,0.0009990009990010762,0.7794685191311062,0.09003421727972624,7.070914696813978e-06,-0.2310419799065094,-0.8058971354874623,1.0434379837095138,US
Same Old Song,"The Weeknd, Juicy J",0.6339653003637682,0.000986787526306987,0.8059322968353735,0.39905902480752775,1.685508735868448e-05,0.7550382473757155,1.457964072748637,-0.3735839028589984,US
BURN,"¥$, Kanye West, Ty Dolla $ign",0.9999999999999999,0.0009746588693959612,0.5909141029882017,0.7497861420017108,6.18705035971223e-06,0.44573223333926243,-1.4295990168882327,-0.553141641340459,US
Too Good,"Drake, Rihanna",0.7370896275058645,0.0009626141478265016,0.8048296394310289,0.38729683490162525,5.015416238437821e-05,0.049304619755169386,0.7571505345207088,-0.08278000906432603,US
Swim Good,Frank Ocean,0.7540881429688474,0.0009506524933020621,0.6493549454184586,0.7230538922155687,0.0027646454265159302,-0.03440998986602627,0.668105787622669,1.439551043077285,US
Belong To The World,The Weeknd,0.9694026721666307,0.0009387730494621049,0.483956334766788,0.3488023952095808,0.0,0.4311308479402167,1.3876322535853938,0.026221674517867583,US
all day,noevdv,0.29739469419670683,0.0009269749716758202,0.5931194177968906,0.18092386655260903,1.3052415210688592e-05,-1.0942272134134325,-1.5634252393116201,-0.9458517919547507,US
Gasoline,The Weeknd,0.836814251555364,0.0009152574268436187,0.7320542507442939,0.2942686056458511,0.002117163412127441,0.2352289271696857,0.020048311047071114,0.09858778726473034,US
Swim,Chase Atlantic,0.611300613079791,0.0009036195932006219,0.6636894916749367,0.045230966638152265,0.0,0.39243717663274524,0.2593002894163435,-0.005381935501147767,US
More Than Friends,"Tory Lanez, PARTYNEXTDOOR",0.6396314721847625,0.000892060660124816,0.7673392876833169,0.1573994867408041,1.3669064748201439e-05,0.34765959474233815,0.1836280885687853,0.9310333913738417,US
Young Metro,"Future, Metro Boomin, The Weeknd",0.7495552055120519,0.0008805798279483135,0.7188223618921602,0.18627031650983744,0.0,0.18120380119321644,-0.07810819220183499,-0.2978872836725597,US
Insane,"AP Dhillon, Shinda Kahlon, Gurinder Gill, Gminxr",0.6452976440057567,0.0008691763077730563,0.8070349542397179,0.28785286569717705,2.6207605344295993e-05,0.24617996621897,-0.06783047650749287,-0.7716518247021723,US
Good Days,SZA,0.7393560962342621,0.0008578493212898497,0.4100782886757085,0.40333618477331046,8.324768756423434e-06,-0.07991764102638547,0.9850308106511432,0.026040668733107696,US
Rockstar Made,Playboi Carti,0.6906270185737111,0.0008465981006027246,0.7816738339397951,0.3701881950384944,0.0,0.5625433165316285,-0.2475609501203161,1.0757656168675673,US
Feel No Ways,Drake,0.7642872522466371,0.0008354218880535225,0.5710662697100012,0.1819931565440547,6.7831449126413155e-06,0.23376878862978107,0.4301061359556484,2.6620641133431993,US
Phone Numbers,"Dominic Fike, Kenny Beats",0.6079009099871945,0.0008243199360526976,0.9040688058220313,0.7925577416595381,0.0,0.40217143356544244,-0.9204778314636014,-1.2769837745938482,US
Fancy,"Drake, T.I., Swizz Beatz",0.9988667656358011,0.0008132915069130053,0.5137280846840888,0.2621899059024807,2.034943473792395e-06,0.5988034236059255,1.5634474069337059,-1.1978480454969782,US
GREECE (feat. Drake),"DJ Khaled, Drake",0.3778543340548259,0.0008023358726849672,0.6868452971661707,0.19268605645851153,0.0,-0.6586192156752332,0.12230726383783648,-1.2472988258932838,US
Alright,Kendrick Lamar,0.8651451106603356,0.000791452314998109,0.8070349542397179,0.5594525235243798,0.0,0.5031643492421758,0.12321412110498431,-0.37101362071541255,US
Coming Down,The Weeknd,0.732556690049069,0.0007806401249024209,0.6945638989965819,0.3306244653550042,2.476875642343268e-05,0.6764341226441858,1.2186689106999766,0.02499083518150251,US
Waves,Kanye West,0.6611629251045408,0.0007698986027160348,0.5434998346013895,0.035607356715141134,7.5334018499486125e-06,0.8448367675798469,-0.42032445679187663,-0.8757663520958582,US
Rich Nigga Shit (feat. Young Thug),"21 Savage, Metro Boomin, Young Thug",0.8277483766417731,0.0007592270578726801,0.8390120189657074,0.625748502994012,0.0,0.5880957409799588,-0.2942569020985316,-0.8075995735554161,US
Care,Sonder,0.2033362419682014,0.0007486248087753555,0.3262763259455288,0.06757912745936698,7.738951695786228e-06,-2.13214235886227,-0.6662411163466958,0.23307508534106655,US
Baby Came Home 2 / Valentines,The Neighbourhood,0.56257153541924,0.0007380911826493364,0.16087771529385822,0.07827202737382377,0.003237410071942446,-0.4167229308977082,2.5869869757878954,-1.6720832015669658,US
Fair Trade (with Travis Scott),"Drake, Travis Scott",0.5240415670364788,0.0007276255154013977,0.6636894916749367,0.2750213857998288,0.0,-0.12250501510693583,1.1573480859690277,1.7251419702708832,US
Middle of the Ocean,Drake,0.7982842831726028,0.0007172271514799267,0.6140699084794355,0.2354576561163387,0.0,0.5348006842734416,2.0960749085052006,-1.5954815534567297,US
Lost Kids Get Money,Brent Faiyaz,0.69176025293791,0.0007068954437376984,0.7375675377660162,0.5797690333618476,0.0012538540596094552,0.40776863130174346,-0.46471727920273254,1.0944092126978,US
Fire & Desire,Drake,0.2826626474621216,0.0006966297532968735,0.725438306318227,0.2568434559452524,0.0,-1.5500337942869782,0.39364471599238704,-1.4610666576942972,US
24/7,The Neighbourhood,0.8402139546479607,0.0006864294494199896,0.5765795567317236,0.2151411462788708,0.0018602261048304212,0.8348591542238325,0.13242663937442262,-0.04780969144878316,US
Texts Go Green,Drake,0.707625534036694,0.0006762939093767351,0.7728525747050393,0.5359281437125748,0.20041109969167523,0.8358325799171021,1.4113400935694016,-0.04654265095546652,US
Afterthought,"Joji, BENEE",0.6158335505365865,0.0006662225183211579,0.6008380196273019,0.16595380667236953,0.08643371017471736,0.004040325018127482,-0.2289056006247035,-1.3315751192773244,US
Espectacular,"Sky Rompiendo, Rauw Alejandro",0.6962931903947055,0.0006562146691651005,0.8610651670525968,0.47390932420872534,1.7677286742034946e-05,0.9424226933301364,-0.36035672068175156,-0.19156448570480766,US
Parking Lot,"Mustard, Travis Scott",0.6260326598143762,0.0006462697624565195,0.7276436211269159,0.39905902480752775,2.6824254881808838e-05,0.204809374255007,-0.5103192446364522,-0.7325545751941123,US
living room flow - Bonus,Jhené Aiko,0.47644572374012667,0.0006363872062600251,0.6989745286139597,0.29533789563729684,0.0003042137718396711,-0.3787593288601895,0.744296192622883,0.17117110695330456,US
Weston Road Flows,Drake,0.8356810171911652,0.0006265664160403084,0.6162752232881245,0.3370402053036783,0.0,0.26759533147090386,0.6155080661280946,-1.3541284400583629,US
Pyramids,Frank Ocean,0.7336899244132679,0.0006168068145440131,0.3703826221193076,0.12318220701454233,7.831449126413154e-05,0.4715280142109099,5.500834531612257,-0.44504498668206327,US
ESCAPE PLAN,Travis Scott,0.570504175968632,0.000607107831690934,0.8544492226265301,0.4332763045337895,0.0,0.32308059598727773,-0.8804177715513407,1.2249505846663782,US
R.I.P. SCREW,Travis Scott,0.6872273154811146,0.0005974689044594417,0.598632704818613,0.5573139435414884,1.644398766700925e-05,0.5021909235489062,-0.3622136188954352,-1.6412398158439405,US
Hennessy Memories,Tory Lanez,0.7280237525922736,0.0005878894767783471,0.7320542507442939,0.1306672369546621,0.0,0.533827258580172,-0.1181826466738917,-1.566629231366059,US
"F**kin' Problems (feat. Drake, 2 Chainz & Kendrick Lamar)","A$AP Rocky, Drake, 2 Chainz, Kendrick Lamar",0.7824190020738188,0.0005783689994216523,0.8698864262873527,0.6706586826347305,0.0,0.2851169939497588,0.3312730883963304,-0.8802552955578945,US
Understand,Tory Lanez,0.5217750983080811,0.0005689069299015248,0.8522439078178411,0.501710863986313,0.0,-0.2952880756623111,0.6942031245328122,-0.806115326120388,US
Power is Power (feat. The Weeknd & Travis Scott),"SZA, The Weeknd, Travis Scott, Game of Thrones",0.7268905182280747,0.0005595027323661572,0.48836696438416594,0.14670658682634727,0.0,0.13545279360953952,0.007107601790469474,2.1586870259269264,US
I THINK,"Tyler, The Creator",0.6532302845551488,0.0005501558774985149,0.8401146763700519,0.42365269461077837,0.0,-0.048524662418437156,0.017845943398283517,0.02868335319059721,US
Sidewalks,"The Weeknd, Kendrick Lamar",0.813016329907188,0.0005408658424177482,0.5269599735362225,0.6289563729683489,0.0,0.7070970319821818,0.29633749177144475,1.0695752190287913,US
Hasta Cuando,Kali Uchis,0.7336899244132679,0.0005316321105794941,0.6449443158010808,0.3659110350727117,0.0,-0.055338642271325296,-1.1706408861582398,-1.0601026432949707,US
While We're Young,Jhené Aiko,0.8934759697653071,0.0005224541716830622,0.6449443158010808,0.8299828913601368,2.024665981500514e-06,0.49367344873279606,0.36543137879223214,0.2802089916924497,US
How Bout Now,Drake,0.45491427082034835,0.0005133315215750667,0.7993163524093067,0.4674935842600513,0.0,-0.07845750248648127,0.35688101027340974,0.06441389510212965,US
ICE AGE (FEAT. TRAVIS SCOTT),"Don Toliver, Travis Scott",0.7869519395306142,0.0005042636621583885,0.7750578895137282,0.5241659538066723,0.0,0.5267699223039666,0.10690508485611928,1.2202806354195823,US
sky,"noevdv, midwxst",0.5410400824994617,0.0004952501013011368,0.6504576028228031,0.14777587681779294,0.00447070914696814,-0.7270023706274311,-0.9976182774103514,-0.4092782436135788,US
Oxytocin,Billie Eilish,0.6747617374749271,0.00048629035274760923,0.7640313154702836,0.1552609067579127,0.566289825282631,0.06439271800085009,-0.007776373038591813,0.16899903753619003,US
Love Scars,Trippie Redd,0.6906270185737111,0.00047738393603058427,0.6504576028228031,0.2429426860564585,0.0,0.17487653418696308,-0.961617483360562,-0.03854219526909485,US
Chicago Freestyle (feat. Giveon),"Drake, Giveon",0.5059098172092971,0.000468530376386056,0.7397728525747052,0.005239520958083832,0.0,0.13009895229655621,0.13983983766936128,0.0964519190045679,US
Broke In A Minute,Tory Lanez,0.7903516426232108,0.00045972920466841316,0.9536883890175325,0.8203592814371258,0.0,0.5951530772561642,-1.1335605001237505,-0.009907080120136195,US
Foreign,Playboi Carti,0.796017814444205,0.00045097995726783857,0.7695446024920058,0.24508126603934985,0.0,0.6927390030064534,-0.9771060297010551,0.096741528260183,US
The Zone,"The Weeknd, Drake",0.4311163491721723,0.0004422821760283746,0.6504576028228031,0.24935842600513256,0.000775950668036999,-0.4461690581191173,2.9837586220047667,0.7119801906578493,US
HONEST,Baby Keem,0.6045012068945979,0.0004336354081686533,0.6747160657183815,0.3616338751069289,3.4635149023638234e-05,-0.18212733881970591,-0.5484504335360493,-1.493140882753687,US
WUSYANAME (feat. Youngboy Never Broke Again & Ty Dolla $ign),"Tyler, The Creator, YoungBoy Never Broke Again, Ty Dolla $ign",0.7370896275058645,0.0004250392062028485,0.47292976072334336,0.8738237810094096,0.0,0.578118127623944,-1.2839980445517192,0.7987543638715722,US
ORANGE SODA,Baby Keem,0.6362317690921658,0.00041649312786362636,0.8445253059874298,0.0772027373823781,0.0,0.05344167895156577,-1.164393647206777,-1.275752935257483,US
Valerie,The Weeknd,0.595435331981007,0.000407996736026206,0.6394310287793584,0.445038494439692,7.153134635149024e-06,0.3452260305091639,1.0914785803425437,1.0020238601565317,US
Lonely Star,The Weeknd,0.7008261278515009,0.00039954959863441886,0.4619031866798986,0.14670658682634727,0.02918807810894142,-0.1363763312360294,1.990188526645844,1.3654472747967308,US
K-POP,"Travis Scott, Bad Bunny, The Weeknd",0.6974264247589043,0.0003911512886261015,0.8268827875179183,0.5348588537211292,3.432682425488181e-06,0.5907726616364505,-0.3678131026560782,0.02868335319059721,US
blank,"noevdv, kashglock",0.5195086295796834,0.00038280138386315166,0.37920388135406335,0.12532078699743368,0.00037718396711202464,-0.8618218291452872,-1.0637324905533674,-0.8281618307040994,US
Kelly Price (feat. Travis Scott),"Migos, Travis Scott",0.7744863615244268,0.0003744994670584756,0.7507994266181499,0.43006843455945243,0.0,0.5698440092311515,2.2046818621660007,0.06137299791816931,US
Summer Bummer (feat. A$AP Rocky & Playboi Carti),"Lana Del Rey, A$AP Rocky, Playboi Carti",0.6475641127341545,0.0003662451257082644,0.7673392876833169,0.1092814371257485,2.076053442959918e-05,-0.12858892568987165,0.7182708285117199,0.5320966417638215,US
ARE WE STILL FRIENDS?,"Tyler, The Creator",0.5603050666908422,0.0003580379520229382,0.16749365971992505,0.2974764756201882,2.4563206577595065e-06,0.004040325018127482,0.7874798720108752,2.426394581586281,US
Hit Different,"SZA, The Neptunes, Pharrell Williams, Ty Dolla $ign",0.5818365196106207,0.00034987754286008865,0.6780240379314149,0.7284003421727971,0.0,0.40655184918515613,-0.12617162736067022,-0.007554004918262296,US
family ties (with Kendrick Lamar),"Baby Keem, Kendrick Lamar",0.6894937842095122,0.00034176349965830966,0.7133090748704378,0.11676646706586824,0.0,0.6299530457905566,0.5944488251465504,0.5016514687672671,US
Wavy (Remix) [feat. Travis Scott],"Lil Keed, Travis Scott",0.5410400824994617,0.00033369542837258237,0.9073767780350647,0.3445252352437981,0.0,0.06487943084748489,0.4299190066783004,-1.6036268137709087,US
Clouded,Brent Faiyaz,0.3869202089684167,0.0003256729394105484,0.5721689271143456,0.5840461933276304,0.0,-0.17604342823677052,-1.4487293868571132,-1.9939476880263745,US
The God Hour,"A$AP ANT, A$AP Rocky",0.805083689357796,0.0003176956475696713,0.786084463557173,0.37446535500427713,1.4182939362795476e-06,0.13642621930280932,-0.8017227131466231,0.35047543733610215,US
Only 1 (Interlude) (with Travis Scott),"Metro Boomin, Travis Scott",0.26793060072753644,0.00030976317197506376,0.2788620575587165,0.3808810949529512,0.0,-0.9720622889080827,-1.8757008195259872,-1.5214863886470305,US
Mile High (feat. Travis Scott & Metro Boomin),"James Blake, Travis Scott, Metro Boomin",0.41638430243758706,0.00030187513601931393,0.7607233432572501,0.20658682634730538,6.392600205549846e-05,-0.4410585732294511,-0.24720108612541616,-0.19337454355240294,US
Private Landing (feat. Justin Bieber & Future),"Don Toliver, Justin Bieber, Future",0.7234908151354781,0.00029403116730386536,0.8753997133090751,0.43862275449101795,2.1788283658787257e-05,0.9081094376423788,0.39555919244525467,0.6048609672371562,US
Streets,Adrian,0.2509320852645536,0.0002862308975781769,0.6669974638879702,0.9999999999999999,0.9712230215827338,-1.7099189644065294,-1.5269638193483588,0.967162146011845,US
MAFIA,Travis Scott,0.554638894869848,0.0002784739626844335,0.8720917410960416,0.37446535500427713,6.8961973278520045e-06,0.11282064624101855,0.4207064884088621,-0.3731494889755755,US
summer sunset,"ADTurnUp, neiren!",0.3869202089684167,0.0002707600024993706,0.7474914544051164,0.254704875962361,0.9064748201438849,-1.8138321571630718,-0.9243211789291328,0.5319156359790622,US
One Time (with Don Toliver feat. Future),"NAV, Don Toliver, Future",0.7166914089502849,0.00026308866087876304,0.7938030653875843,0.8502994011976047,0.0,0.5567027623720104,-0.30879540749248896,-0.9870125074090694,US
Loner,Lil Evaded,0.7212243464070804,0.00025545958560302395,0.783879148748484,0.6471343028229255,0.39568345323741005,-0.6705436804177876,-1.229413873805297,0.9635058291597024,US
16,Baby Keem,0.8832768604875174,0.00024787242832369216,0.7022825008269932,0.5722840034217279,2.37410071942446e-06,0.7433571390564788,-0.7878607520630776,-0.9503769365737391,US
Resort,ADTurnUp,0.44584839590675746,0.0002403268445085871,0.8114455838570958,0.7273310521813515,0.8365878725590955,-1.3502381707433684,-0.5016825087588538,0.38772642783961475,US
Heaven or Hell,Don Toliver,0.6645626281971374,0.0002328224933918488,0.6460469732054253,0.43113772455089816,3.669064748201439e-05,0.0052571071347148205,-0.39281645302172563,1.4389356234091029,US
9am in Calabasas (Sped Up),Adrian,0.3563228811350475,0.00022535903792175738,0.4652111588929321,0.9540205303678357,0.9362795477903392,-1.831353819641927,-1.6549026668151836,-1.3960493798086717,US
Around Me (feat. Don Toliver),"Metro Boomin, Don Toliver",0.7552213773330462,0.00021793614470966283,0.6956665564009263,0.030153977758768172,0.01408016443987667,1.1181260309653205,-0.27714177050109073,-0.010739706730029927,US
Dreamcatcher (feat. Swae Lee & Travis Scott),"Metro Boomin, Swae Lee, Travis Scott",0.2577314914497467,0.00021055348398091311,0.6725107509096926,0.07185628742514968,0.0,-0.5649269926980228,0.01650724933725576,1.9432901420630766,US
Too Late,The Weeknd,0.975068843987625,0.00020321072952644847,0.6317124269489471,0.204448246364414,5.611510791366906e-05,0.6864117360002003,0.42031783529437017,-0.007445401447406569,US
NEW DROP,Don Toliver,0.7087587684008929,0.0001959075586539516,0.7640313154702836,0.3060307955517536,0.02147995889003083,0.32283723956396043,0.09442500151298956,-0.010956913671741378,US
7AM in Uk,Nacho Miranda,0.44698163027095633,0.00018864365214121825,0.31966038151946197,0.005453378956372962,0.9650565262076053,-2.874622806403748,0.2302664623078168,2.827974015653791,US
Don't,Bryson Tiller,0.400519021338803,0.00018141869418863976,0.7728525747050393,0.16488451668092385,0.0,0.6048873341888614,-0.17964741700280049,-0.8431853108391413,US
Summer Night,"ADTurnUp, prod. night",0.4991104110241038,0.00017423237237479405,0.7022825008269932,0.11035072711719418,0.9434737923946558,-0.6452346123927747,-0.6309168666073183,-0.009943281277088276,US
Universe at 9pm,Adrian,0.5059098172092971,0.0001670843776107045,0.6140699084794355,0.6300256629597947,0.775950668036999,-1.2692004817786644,-1.4648512938286302,0.7490863765335546,US
IN THE DARKNESS - Sped Up,"DXSTINY, HOOL",0.4866448330179164,0.00015997440409543096,0.6526629176314921,0.0049187339606501235,0.2250770811921891,-1.7021315588603716,-1.399658332512558,0.6005892307168302,US
Late Night Vibes,Sebazz,0.39711931824620644,0.00015290214927232704,0.5666556400926233,0.12639007698887936,0.8848920863309352,-1.5945680197540677,1.216840801605885,0.3520320870850344,US
Sunset in Calabasas 2,Adrian,0.1976700701472071,0.00014586731378707363,0.6372257139706694,0.19910179640718562,0.8633093525179856,-2.69356562745558,1.9967956295922067,-0.1227460863392318,US
Whole Lotta Heaven,Zappy,0.44584839590675746,0.00013886960144415816,0.5401918623883561,0.3776732249786142,0.0010996916752312436,-1.3667864075289535,-1.137173534632546,-1.7192895102322525,US
Les,Childish Gambino,0.7608875491540406,0.00013190871916624047,0.5280626309405669,0.10072711719418306,9.660842754367934e-05,0.24423311483243057,1.5333051987208872,-0.6295984848228873,US
Sorry 4 What? // LV BELT,Tory Lanez,0.8028172206293982,0.00012498437695307452,0.6394310287793584,0.204448246364414,0.0,0.04881790690853458,-0.8081282922558419,0.20697405117874115,US
Impossible,Travis Scott,0.5240415670364788,0.00011809628784020809,0.4773403903407213,0.2782292557741659,2.589928057553957e-05,-0.11861131233385695,0.4567936498174275,1.0015532451161577,US
"Darling, I (feat. Teezo Touchdown)","Tyler, The Creator, Teezo Touchdown",0.9240732975986762,0.00011124416786079117,0.3406108722020069,0.3488023952095808,0.0,1.1806686317579,0.6198408286266898,-0.822188639807035,US
Sunset,ADTurnUp,0.33252495948687144,0.00010442773600671806,0.7662366302789725,0.5327202737382378,0.8920863309352518,-2.3290177053260703,-0.7175001437802424,0.42436199867494506,US
Cinderella,"Future, Metro Boomin, Travis Scott",0.4639801457339392,9.764671418799331e-05,0.8952475465872755,0.12318220701454233,0.0,0.07339690566359497,-0.5892158268783139,0.3536611391478698,US
DIE FOR ME,Chase Atlantic,0.8164160329997846,9.090082719764858e-05,0.6074539640533687,0.41509837467921296,0.00013360739979445015,0.8579780144389882,-0.056976978421310845,0.3506926442778136,US
Rehab (Winter In Paris),Brent Faiyaz,0.271330303820133,8.418980267221876e-05,0.5346785753666338,0.26860564585115476,8.324768756423433e-05,-0.8883476792868871,-0.4385911531729973,0.8662333204299277,US
want u,noevdv,0.327992022030076,7.75133710566589e-05,0.6118645936707466,0.0591317365269461,0.6125385405960945,-1.6636812439762179,-1.5738037169245342,-0.8422078796014397,US
ILoveUIHateU,Playboi Carti,0.7824190020738188,7.08712655674848e-05,0.6835373249531372,0.07827202737382377,0.0,0.33841205065627594,-1.0889661538757507,0.532350049862485,US
Lean 4 Real,LL Clawz,0.5659712385118366,6.426322215791203e-05,0.39684639982357484,0.3167236954662104,1.0,0.18631428608288242,-0.4429095211117965,1.1465388787085466,US
Lavender Sunflower,Tory Lanez,0.8300148453701709,5.768897948188467e-05,0.598632704818613,0.9935842600513257,0.0,0.4810189147202896,-0.846489794112175,-1.1363060786787356,US
528 Hz Full Body Aura Cleanse,Feed Your Soul,0.01147966410933445,5.1148278860546625e-05,0.12118204873745728,0.022562018819503843,0.6402877697841727,-7.351164213327867,-1.2778515675188282,-1.7265659427795863,US
TBH,PARTYNEXTDOOR,0.7688201897034326,4.464086424715852e-05,0.5280626309405669,0.12745936698032503,1.5313463514902364e-06,0.0403004320924245,-1.2623054429391511,0.16809400861239265,US
2 Am In Kyoto - Kitt Katt Mix,"MPM Beats, Kitt Katt",0.36425552168443953,3.816648219534535e-05,0.42110486271915326,0.5327202737382378,0.8324768756423433,-2.2713422329998396,-1.1456087466730005,0.6506554307813186,US
Flocky Flocky (feat. Travis Scott),"Don Toliver, Travis Scott",0.6101673787155921,3.172488182490163e-05,0.8114455838570958,0.17023096663815226,0.0,0.7280256843874808,-0.3923846162278457,0.5686236091282967,US
Vvs diamond,empireofyu,0.8141495642713868,2.531581478959488e-05,0.7386701951703607,0.29213002566295976,0.0,0.06804306435061168,-1.0740389953673015,-0.024604749842610824,US
10 pm drive,Kitt Katt,0.5535056605056491,1.893903524563534e-05,0.5909141029882017,0.1189050470487596,0.8520041109969168,-1.479217075101606,-1.5769129418404697,0.712812817267744,US
Pussy & Millions (feat. Travis Scott),"Drake, 21 Savage, Travis Scott",0.6974264247589043,1.2594299819923549e-05,0.7530047414268388,0.3659110350727117,0.0,0.3301379322634834,0.44988426111534874,0.06542752749678327,US
Hotel,Montell Fish,0.48097866119692206,6.281367579408226e-06,0.18072554857205872,0.16809238665526088,0.017163412127440904,-0.1697161612305174,-0.19346619440695798,2.17432592573015,US
Metro Spider (with Young Thug),"Metro Boomin, Young Thug",0.8164160329997846,0.0,0.7309515933399494,0.26860564585115476,0.0,0.7547948909523979,-0.5212735046412063,0.8267016570384443,US
